[
  {
    "id": 11,
    "category": "Stationary",
    "name": "Black Permanent Marker ",
    "price": 97,
    "description": "Permanent Marker",
    "image": "/assests/kick1.png"
  },
  {
    "id": 12,
    "category": "Stationary",
    "name": "A4 colour sheets",
    "price": 165,
    "image": "/assests/kick2.png"
  },
  {
    "id": 13,
    "category": "Stationary",
    "name": "Pencil Stand",
    "price": 190,
    "image": "/assests/kick3.png"
  },
  {
    "id": 14,
    "category": "Stationary",
    "name": "Paper Clips",
    "price": 75,
    "image": "/assests/kick4.png"
  },
  {
    "id": 15,
    "category": "Stationary",
    "name": "Stapler",
    "price": 130,
    "image": "/assests/kick5.png"
  },
  {
    "id": 16,
    "category": "Stationary",
    "name": "Notebooks",
    "price": 250,
    "image": "/assests/kick6.png"
  },
  {
    "id": 1,
    "category": "Clothes",
    "name": " T-Shirt New York",
    "price": 450,
    "image": "/assests/drip1.png"
  },
  {
    "id": 2,
    "category": "Clothes",
    "name": "T-SHIRT HAAS F1",
    "price": 499,
    "image": "/assests/drip2.png"
  },
  {
    "id": 3,
    "category": "Clothes",
    "name": "mascot hoodie washed grape",
    "price": 490,
    "image": "/assests/drip3.png"
  },
  {
    "id": 4,
    "category": "Clothes",
    "name": " CREWNECK",
    "price": 990,
    "image": "/assests/drip4.png"
  },
  {
    "id": 5,
    "category": "Clothes",
    "name": "Denim Western T-Shirt",
    "price": 499,
    "image": "/assests/drip5.png"
  },
  {
    "id": 21,
    "category": "Bags",
    "name": " Leather Shoulder Bag",
    "price": 850,
    "image": "/assests/handbag1.png"
  },
  {
    "id": 22,
    "category": "Bags",
    "name": "Crossbody Bag",
    "price": 780,
    "image": "/assests/handbag2.png"
  },
  {
    "id": 23,
    "category": "Bags",
    "name": " Cross Body Bag",
    "price": 650,
    "image": "/assests/handbag3.png"
  }
]
